experiment,enzyme,mean_elapsed_time_sec,sd_elapsed_time_sec,mean_max_mem_mb,sd_max_mem_mb,mean_avg_cpu_percent,sd_avg_cpu_percent,Control_reads_total,Exp_reads_total
1,SpyCas9,12.859568572044372,0.3882840141480398,12.996875,0.22411573925838704,0.001119416065389376,0.002960066589387708,6423680,5515390
2,SpyCas9,17.69247169494629,1.0434618927269574,11.1734375,2.241174943164423,2.5565630874267e-4,3.301211035171984e-4,9105980,8272590
3,AmaTnpB,4.223857593536377,0.10977855275919686,13.2546875,0.569833084265569,0.001615728510465351,0.0018871351001599266,1715370,1302790
4,AsCas12a,26.65048768520355,0.4213472389049528,9.146875,0.18060229095999863,4.5165052745831303e-4,5.837647286303122e-4,6429820,22478200
5,BrCas12b,13.66090190410614,0.5021515200841544,9.2375,0.2526766433826267,4.2044386985563403e-4,8.268451622559244e-4,6429820,6868190
6,Cas12i1,29.018341183662415,0.47392711746169525,8.8203125,0.43708127283435516,6.895452260138959e-4,0.0011681559401583363,12785930,16865510
7,LbCas12a,20.34866421222687,0.702243564108968,8.5828125,0.6167445228160613,3.23551264175937e-4,6.804464501322e-4,6429820,14367370
